fields.name.de-DE,fields.name.en-US,fields.name.es-MX,fields.name.fr-FR,fields.name.it-IT,fields.name.ja-JP,fields.name.nl-BE,fields.name.pt-BR,fields.name.ru-RU,fields.name.zh-CN,fields.code.en-US,sys.space.sys.type,sys.space.sys.linkType,sys.space.sys.id,sys.id,sys.type,sys.createdAt,sys.updatedAt,sys.createdBy.sys.type,sys.createdBy.sys.linkType,sys.createdBy.sys.id,sys.updatedBy.sys.type,sys.updatedBy.sys.linkType,sys.updatedBy.sys.id,sys.publishedCounter,sys.version,sys.publishedBy.sys.type,sys.publishedBy.sys.linkType,sys.publishedBy.sys.id,sys.publishedVersion,sys.firstPublishedAt,sys.publishedAt,sys.contentType.sys.type,sys.contentType.sys.linkType,sys.contentType.sys.id,sys.archivedAt,sys.archivedBy.sys.type,sys.archivedBy.sys.linkType,sys.archivedBy.sys.id,sys.archivedVersion
Belgien,Belgium,Bélgica,Belgique,Belgio,ベルギー,België,Bélgica,Бельгия,比利时,BE,Link,Space,0fxwiwy6a9kp,5WXDL5xrBCiEywmEYUE6uo,Entry,2017-07-02T16:30:39.869Z,2017-09-26T14:15:45.493Z,Link,User,2U3C6wu4CFdNrfbV2RlRQi,Link,User,2U3C6wu4CFdNrfbV2RlRQi,4,8,Link,User,2U3C6wu4CFdNrfbV2RlRQi,7,2017-07-02T16:31:26.843Z,2017-09-26T14:15:45.493Z,Link,ContentType,country,null,,,,null
China,China,China,Chine,Cina,中国,China,China,Китай,中国,CN,Link,Space,0fxwiwy6a9kp,RxLblE22e4mW6sw66YUwm,Entry,2017-07-02T16:30:37.704Z,2017-09-26T14:15:39.103Z,Link,User,2U3C6wu4CFdNrfbV2RlRQi,Link,User,2U3C6wu4CFdNrfbV2RlRQi,4,8,Link,User,2U3C6wu4CFdNrfbV2RlRQi,7,2017-07-02T16:31:11.351Z,2017-09-26T14:15:39.103Z,Link,ContentType,country,null,,,,null
Rumänien,Romania,Rumania,Roumanie,Romania,ルーマニア,Roemenië,Romênia,Румыния,罗马尼亚,RO,Link,Space,0fxwiwy6a9kp,7j3evfHQgEEU8EmQKc0SK6,Entry,2017-07-02T16:30:41.356Z,2017-09-26T14:15:38.471Z,Link,User,2U3C6wu4CFdNrfbV2RlRQi,Link,User,2U3C6wu4CFdNrfbV2RlRQi,4,8,Link,User,2U3C6wu4CFdNrfbV2RlRQi,7,2017-07-02T16:31:42.671Z,2017-09-26T14:15:38.471Z,Link,ContentType,country,null,,,,null
Kenia,Kenya,Kenia,Kenya,Kenya,ケニア,Kenia,Quênia,Кения,肯尼亚,KE,Link,Space,0fxwiwy6a9kp,CCEV4CvRGo4u6Wog6mya8,Entry,2017-07-02T16:30:41.033Z,2017-09-26T14:15:45.450Z,Link,User,2U3C6wu4CFdNrfbV2RlRQi,Link,User,2U3C6wu4CFdNrfbV2RlRQi,4,8,Link,User,2U3C6wu4CFdNrfbV2RlRQi,7,2017-07-02T16:31:38.682Z,2017-09-26T14:15:45.450Z,Link,ContentType,country,null,,,,null
Simbabwe,Zimbabwe,Zimbabue,Zimbabwe,Zimbabwe,ジンバブエ,Zimbabwe,Zimbábue,Зимбабве,津巴布韦,ZW,Link,Space,0fxwiwy6a9kp,457kj47sqAgoIeASGesSUu,Entry,2017-07-02T16:30:44.244Z,2017-09-26T14:15:46.668Z,Link,User,2U3C6wu4CFdNrfbV2RlRQi,Link,User,2U3C6wu4CFdNrfbV2RlRQi,4,8,Link,User,2U3C6wu4CFdNrfbV2RlRQi,7,2017-07-02T16:32:07.338Z,2017-09-26T14:15:46.668Z,Link,ContentType,country,null,,,,null
Australien,Australia,Australia,Australie,Australia,オーストラリア,Australië,Austrália,Австралия,澳大利亚,AU,Link,Space,0fxwiwy6a9kp,64aAXwIaFGSqeeoGoO4kQc,Entry,2017-07-02T16:30:39.025Z,2017-09-26T14:15:36.436Z,Link,User,2U3C6wu4CFdNrfbV2RlRQi,Link,User,2U3C6wu4CFdNrfbV2RlRQi,4,8,Link,User,2U3C6wu4CFdNrfbV2RlRQi,7,2017-07-02T16:31:20.299Z,2017-09-26T14:15:36.436Z,Link,ContentType,country,null,,,,null
Indonesien,Indonesia,Indonesia,Indonésie,Indonesia,インドネシア,Indonesië,Indonésia,Индонезия,印度尼西亚,ID,Link,Space,0fxwiwy6a9kp,5yAPAgRDm8omk2yIMUusIs,Entry,2017-07-02T16:30:37.804Z,2017-09-26T14:15:40.347Z,Link,User,2U3C6wu4CFdNrfbV2RlRQi,Link,User,2U3C6wu4CFdNrfbV2RlRQi,4,8,Link,User,2U3C6wu4CFdNrfbV2RlRQi,7,2017-07-02T16:31:10.775Z,2017-09-26T14:15:40.347Z,Link,ContentType,country,null,,,,null
Malaysia,Malaysia,Malasia,Malaisie,Malesia,マレーシア,Maleisië,Malásia,Малайзия,马来西亚,MY,Link,Space,0fxwiwy6a9kp,5QBAxIL0nmAm40ymYemkWo,Entry,2017-07-02T16:30:41.517Z,2017-09-26T14:15:46.608Z,Link,User,2U3C6wu4CFdNrfbV2RlRQi,Link,User,2U3C6wu4CFdNrfbV2RlRQi,4,8,Link,User,2U3C6wu4CFdNrfbV2RlRQi,7,2017-07-02T16:31:44.803Z,2017-09-26T14:15:46.608Z,Link,ContentType,country,null,,,,null
Ecuador,Ecuador,Ecuador,Équateur,Ecuador,エクアドル,Ecuador,Equador,Эквадор,厄瓜多尔,EC,Link,Space,0fxwiwy6a9kp,7MtSGhdgJiaAYU2wuQOsuK,Entry,2017-07-02T16:30:38.509Z,2017-09-26T14:15:46.111Z,Link,User,2U3C6wu4CFdNrfbV2RlRQi,Link,User,2U3C6wu4CFdNrfbV2RlRQi,4,8,Link,User,2U3C6wu4CFdNrfbV2RlRQi,7,2017-07-02T16:31:17.196Z,2017-09-26T14:15:46.111Z,Link,ContentType,country,null,,,,null
Italien,Italy,Italia,Italie,Italia,イタリア,Italië,Itália,Италия,意大利,IT,Link,Space,0fxwiwy6a9kp,YALrs9Tqak6WQ6yimSq8w,Entry,2017-07-02T16:30:38.917Z,2017-09-26T14:15:42.715Z,Link,User,2U3C6wu4CFdNrfbV2RlRQi,Link,User,2U3C6wu4CFdNrfbV2RlRQi,4,8,Link,User,2U3C6wu4CFdNrfbV2RlRQi,7,2017-07-02T16:31:19.437Z,2017-09-26T14:15:42.715Z,Link,ContentType,country,null,,,,null
Panama,Panama,Panamá,Panama,Panama,パナマ,Panama,Panamá,Панама,巴拿马,PA,Link,Space,0fxwiwy6a9kp,3kd1fhfaWIIu0IQGM6kyES,Entry,2017-07-02T16:30:43.915Z,2017-09-26T14:15:45.487Z,Link,User,2U3C6wu4CFdNrfbV2RlRQi,Link,User,2U3C6wu4CFdNrfbV2RlRQi,4,8,Link,User,2U3C6wu4CFdNrfbV2RlRQi,7,2017-07-02T16:32:05.771Z,2017-09-26T14:15:45.487Z,Link,ContentType,country,null,,,,null
Vereinigte Staaten,United States,Estados Unidos,États-Unis d'Amérique,Stati Uniti,アメリカ,Verenigde Staten,Estados Unidos,Соединенные Штаты,美国,US,Link,Space,0fxwiwy6a9kp,4DiEyNO2qIW0wqm0us0gAK,Entry,2017-07-02T16:30:42.643Z,2017-09-26T14:15:48.304Z,Link,User,2U3C6wu4CFdNrfbV2RlRQi,Link,User,2U3C6wu4CFdNrfbV2RlRQi,4,8,Link,User,2U3C6wu4CFdNrfbV2RlRQi,7,2017-07-02T16:31:55.402Z,2017-09-26T14:15:48.304Z,Link,ContentType,country,null,,,,null
Ukraine,Ukraine,Ucrania,Ukraine,Ucraina,ウクライナ,Oekraïne,Ucrânia,Украина,乌克兰,UA,Link,Space,0fxwiwy6a9kp,52PDlRQHNC0KicmQ80I6M2,Entry,2017-07-02T16:30:42.373Z,2017-09-26T14:15:40.324Z,Link,User,2U3C6wu4CFdNrfbV2RlRQi,Link,User,2U3C6wu4CFdNrfbV2RlRQi,4,8,Link,User,2U3C6wu4CFdNrfbV2RlRQi,7,2017-07-02T16:31:52.985Z,2017-09-26T14:15:40.324Z,Link,ContentType,country,null,,,,null
Mauritius,Mauritius,Mauricio,Maurice,Mauritius,モーリシャス,Mauritius,Maurício (ilha),Маврикий,毛里求斯,MU,Link,Space,0fxwiwy6a9kp,3g6D148U364MYwa4SY8CmI,Entry,2017-07-02T16:30:40.056Z,2017-09-26T14:15:46.130Z,Link,User,2U3C6wu4CFdNrfbV2RlRQi,Link,User,2U3C6wu4CFdNrfbV2RlRQi,4,8,Link,User,2U3C6wu4CFdNrfbV2RlRQi,7,2017-07-02T16:31:29.770Z,2017-09-26T14:15:46.130Z,Link,ContentType,country,null,,,,null
El Salvador,El Salvador,El Salvador,El Salvador,El Salvador,エルサルバドル,El Salvador,El Salvador,Сальвадор,萨尔瓦多,SV,Link,Space,0fxwiwy6a9kp,3TQai5p3duMg6sIKCIYMGA,Entry,2017-07-02T16:30:43.068Z,2017-09-26T14:15:48.571Z,Link,User,2U3C6wu4CFdNrfbV2RlRQi,Link,User,2U3C6wu4CFdNrfbV2RlRQi,4,8,Link,User,2U3C6wu4CFdNrfbV2RlRQi,7,2017-07-02T16:31:59.392Z,2017-09-26T14:15:48.571Z,Link,ContentType,country,null,,,,null
Trinidad & Tobago,Trinidad & Tobago,Trinidad y Tobago,Trinité-et-Tobago,Trinidad e Tobago,トリニダード・トバゴ,Trinidad en Tobago,Trinidad e Tobago,Тринидад и Тобаго,特立尼达和多巴哥,TT,Link,Space,0fxwiwy6a9kp,54dKiBF9GgiGuYYCEaeiOA,Entry,2017-07-02T16:30:42.804Z,2017-09-26T14:15:43.225Z,Link,User,2U3C6wu4CFdNrfbV2RlRQi,Link,User,2U3C6wu4CFdNrfbV2RlRQi,4,8,Link,User,2U3C6wu4CFdNrfbV2RlRQi,7,2017-07-02T16:31:56.785Z,2017-09-26T14:15:43.225Z,Link,ContentType,country,null,,,,null
Deutschland,Germany,Alemania,Allemagne,Germania,ドイツ,Duitsland,Alemanha,Германия,德国,DE,Link,Space,0fxwiwy6a9kp,2qt8cMb00Y6gWkQqw8cKMI,Entry,2017-07-02T16:30:36.927Z,2017-09-26T14:15:36.248Z,Link,User,2U3C6wu4CFdNrfbV2RlRQi,Link,User,2U3C6wu4CFdNrfbV2RlRQi,4,8,Link,User,2U3C6wu4CFdNrfbV2RlRQi,7,2017-07-02T16:31:05.651Z,2017-09-26T14:15:36.248Z,Link,ContentType,country,null,,,,null
Saudi-Arabien,Saudi Arabia,Arabia Saudita,Arabie Saoudite,Arabia Saudita,サウジアラビア,Saudi-Arabië,Arábia Saudita,Саудовская Аравия,沙特阿拉伯,SA,Link,Space,0fxwiwy6a9kp,7ABBBSiKxUU4uOOIK0CI8u,Entry,2017-07-02T16:30:41.156Z,2017-09-26T14:15:38.432Z,Link,User,2U3C6wu4CFdNrfbV2RlRQi,Link,User,2U3C6wu4CFdNrfbV2RlRQi,4,8,Link,User,2U3C6wu4CFdNrfbV2RlRQi,7,2017-07-02T16:31:40.554Z,2017-09-26T14:15:38.432Z,Link,ContentType,country,null,,,,null
Syrien,Syria,Siria,Syrie,Siria,シリア,Syrië,Síria,Сирия,叙利亚,SY,Link,Space,0fxwiwy6a9kp,1hxXoCi9VOCCmmEwIkCk2,Entry,2017-07-02T16:30:41.241Z,2017-09-26T14:15:36.395Z,Link,User,2U3C6wu4CFdNrfbV2RlRQi,Link,User,2U3C6wu4CFdNrfbV2RlRQi,4,8,Link,User,2U3C6wu4CFdNrfbV2RlRQi,7,2017-07-02T16:31:41.953Z,2017-09-26T14:15:36.395Z,Link,ContentType,country,null,,,,null
Madagaskar,Madagascar,Madagascar,Madagascar,Madagascar,マダガスカル,Madagaskar,Madagascar,Мадагаскар,马达加斯加,MG,Link,Space,0fxwiwy6a9kp,2NY3f9tjSo0sSkEakaEGyQ,Entry,2017-07-02T16:30:41.874Z,2017-09-26T14:15:46.561Z,Link,User,2U3C6wu4CFdNrfbV2RlRQi,Link,User,2U3C6wu4CFdNrfbV2RlRQi,4,8,Link,User,2U3C6wu4CFdNrfbV2RlRQi,7,2017-07-02T16:31:48.191Z,2017-09-26T14:15:46.561Z,Link,ContentType,country,null,,,,null
Malawi,Malawi,Malawi,Malawi,Malawi,マラウイ,Malawi,Malávi,Малави,马拉维,MW,Link,Space,0fxwiwy6a9kp,5ZFppLIUoguckaEYsK8G4s,Entry,2017-07-02T16:30:41.169Z,2017-09-26T14:15:38.236Z,Link,User,2U3C6wu4CFdNrfbV2RlRQi,Link,User,2U3C6wu4CFdNrfbV2RlRQi,4,8,Link,User,2U3C6wu4CFdNrfbV2RlRQi,7,2017-07-02T16:31:39.860Z,2017-09-26T14:15:38.236Z,Link,ContentType,country,null,,,,null
Finnland,Finland,Finlandia,Finlande,Finlandia,フィンランド,Finland,Finlândia,Финляндия,芬兰,FI,Link,Space,0fxwiwy6a9kp,2S4DhX1GhGO2e6GkegCAeG,Entry,2017-07-02T16:30:41.121Z,2017-09-26T14:15:45.527Z,Link,User,2U3C6wu4CFdNrfbV2RlRQi,Link,User,2U3C6wu4CFdNrfbV2RlRQi,4,8,Link,User,2U3C6wu4CFdNrfbV2RlRQi,7,2017-07-02T16:31:39.119Z,2017-09-26T14:15:45.527Z,Link,ContentType,country,null,,,,null
Israel,Israel,Israel,Israël,Israele,イスラエル,Israël,Israel,Израиль,以色列,IL,Link,Space,0fxwiwy6a9kp,4GGhyJGPMIMsEGk040OiEM,Entry,2017-07-02T16:30:39.964Z,2017-09-26T14:15:45.709Z,Link,User,2U3C6wu4CFdNrfbV2RlRQi,Link,User,2U3C6wu4CFdNrfbV2RlRQi,4,8,Link,User,2U3C6wu4CFdNrfbV2RlRQi,7,2017-07-02T16:31:27.449Z,2017-09-26T14:15:45.709Z,Link,ContentType,country,null,,,,null
Slowenien,Slovenia,Eslovenia,Slovénie,Slovenia,スロベニア,Slovenië,Eslovênia,Словения,斯洛文尼亚,SI,Link,Space,0fxwiwy6a9kp,1REU4xhP4cIymQqwo8S0Gs,Entry,2017-07-02T16:30:42.575Z,2017-09-26T14:15:40.335Z,Link,User,2U3C6wu4CFdNrfbV2RlRQi,Link,User,2U3C6wu4CFdNrfbV2RlRQi,4,8,Link,User,2U3C6wu4CFdNrfbV2RlRQi,7,2017-07-02T16:31:54.983Z,2017-09-26T14:15:40.335Z,Link,ContentType,country,null,,,,null
null,Ireland,null,null,null,null,null,null,null,null,IE,Link,Space,0fxwiwy6a9kp,4RHQYsewhi0iCcyKeuye6C,Entry,2017-09-19T03:52:39.876Z,2017-09-26T14:15:40.356Z,Link,User,7uhuwDOG1xJP19Q2j7Y2ge,Link,User,2U3C6wu4CFdNrfbV2RlRQi,2,11,Link,User,2U3C6wu4CFdNrfbV2RlRQi,10,2017-09-19T03:52:51.437Z,2017-09-26T14:15:40.355Z,Link,ContentType,country,null,,,,null
Namibia,Namibia,Namibia,Namibie,Namibia,ナミビア,Namibië,Namíbia,Намибия,纳米比亚,NA,Link,Space,0fxwiwy6a9kp,2sX8yBa2yEqCQA0624oe6W,Entry,2017-07-02T16:30:40.900Z,2017-09-26T14:15:40.194Z,Link,User,2U3C6wu4CFdNrfbV2RlRQi,Link,User,2U3C6wu4CFdNrfbV2RlRQi,4,8,Link,User,2U3C6wu4CFdNrfbV2RlRQi,7,2017-07-02T16:31:37.800Z,2017-09-26T14:15:40.194Z,Link,ContentType,country,null,,,,null
Bosnien,Bosnia,Bosnia,Bosnie,Bosnia,ボスニア,Bosnië,Bósnia,Босния,波斯尼亚,BA,Link,Space,0fxwiwy6a9kp,66wa02evfiQKWo6Sgyaoyk,Entry,2017-07-02T16:30:40.430Z,2017-09-26T14:15:43.361Z,Link,User,2U3C6wu4CFdNrfbV2RlRQi,Link,User,2U3C6wu4CFdNrfbV2RlRQi,4,8,Link,User,2U3C6wu4CFdNrfbV2RlRQi,7,2017-07-02T16:31:33.539Z,2017-09-26T14:15:43.361Z,Link,ContentType,country,null,,,,null
Swasiland,Swaziland,Suazilandia,Swaziland,Swaziland,スワジランド,Swaziland,Suazilândia,Свазиленд,斯威士兰,SZ,Link,Space,0fxwiwy6a9kp,1pG1BsvOyIMcYeIekYqikW,Entry,2017-07-02T16:30:43.341Z,2017-09-26T14:15:36.165Z,Link,User,2U3C6wu4CFdNrfbV2RlRQi,Link,User,2U3C6wu4CFdNrfbV2RlRQi,4,8,Link,User,2U3C6wu4CFdNrfbV2RlRQi,7,2017-07-02T16:32:00.818Z,2017-09-26T14:15:36.165Z,Link,ContentType,country,null,,,,null
Südafrika,South Africa,Sudáfrica,Afrique du Sud,Sud Africa,南アフリカ,Zuid-Afrika,África do Sul,Южная Африка,南非,ZA,Link,Space,0fxwiwy6a9kp,16ZMjtVscOyg4g4kqMGScu,Entry,2017-07-02T16:30:43.052Z,2017-09-26T14:15:42.821Z,Link,User,2U3C6wu4CFdNrfbV2RlRQi,Link,User,2U3C6wu4CFdNrfbV2RlRQi,4,8,Link,User,2U3C6wu4CFdNrfbV2RlRQi,7,2017-07-02T16:31:58.772Z,2017-09-26T14:15:42.821Z,Link,ContentType,country,null,,,,null
Kuwait,Kuwait,Kuwait,Koweït,Kuwait,クウェート,Koeweit,Kuwait,Кувейт,科威特,KW,Link,Space,0fxwiwy6a9kp,2mYb8TBA7W8yC2q6sEc4eW,Entry,2017-07-02T16:30:39.433Z,2017-09-26T14:15:48.259Z,Link,User,2U3C6wu4CFdNrfbV2RlRQi,Link,User,2U3C6wu4CFdNrfbV2RlRQi,4,8,Link,User,2U3C6wu4CFdNrfbV2RlRQi,7,2017-07-02T16:31:23.479Z,2017-09-26T14:15:48.259Z,Link,ContentType,country,null,,,,null
Irland Dublin,Ireland Dublin,Irlanda Dublín,Irlande Dublin,Dublino, Irlanda,アイルランド、ダブリン,Ierland Dublin,Irlanda - Dublin,Дублин, Ирландия,爱尔兰都柏林,IE2,Link,Space,0fxwiwy6a9kp,eKjffFq3sIwgO4YoG0aCi,Entry,2017-07-02T16:30:38.166Z,2017-11-28T15:53:04.900Z,Link,User,2U3C6wu4CFdNrfbV2RlRQi,Link,User,5poojjCf1xb7aLFWdMiD2A,4,10,,,,null,2017-07-02T16:31:14.766Z,null,Link,ContentType,country,2017-11-28T15:53:04.900Z,Link,User,5poojjCf1xb7aLFWdMiD2A,9
Thailand,Thailand,Tailandia,Thaïlande,Thailandia,タイ,Thailand,Tailândia,Таиланд,泰国,TH,Link,Space,0fxwiwy6a9kp,TaXacts1oYoc2aGOQo2AW,Entry,2017-07-02T16:30:42.719Z,2017-09-26T14:15:36.247Z,Link,User,2U3C6wu4CFdNrfbV2RlRQi,Link,User,2U3C6wu4CFdNrfbV2RlRQi,4,8,Link,User,2U3C6wu4CFdNrfbV2RlRQi,7,2017-07-02T16:31:56.305Z,2017-09-26T14:15:36.247Z,Link,ContentType,country,null,,,,null
Marokko,Morocco,Marruecos,Maroc,Marocco,モロッコ,Marokko,Marrocos,Марокко,摩洛哥,MA,Link,Space,0fxwiwy6a9kp,2LVh1Boj68KS4cs4E8a6e4,Entry,2017-07-02T16:30:40.735Z,2017-09-26T14:15:40.488Z,Link,User,2U3C6wu4CFdNrfbV2RlRQi,Link,User,2U3C6wu4CFdNrfbV2RlRQi,4,8,Link,User,2U3C6wu4CFdNrfbV2RlRQi,7,2017-07-02T16:31:35.834Z,2017-09-26T14:15:40.488Z,Link,ContentType,country,null,,,,null
Ägypten,Egypt,Egipto,Égypte,Egitto,エジプト,Egypte,Egito,Египет,埃及,EG,Link,Space,0fxwiwy6a9kp,31a0kPVYh2KYgAM86CuUAe,Entry,2017-07-02T16:30:38.094Z,2017-09-26T14:15:43.150Z,Link,User,2U3C6wu4CFdNrfbV2RlRQi,Link,User,2U3C6wu4CFdNrfbV2RlRQi,4,8,Link,User,2U3C6wu4CFdNrfbV2RlRQi,7,2017-07-02T16:31:13.334Z,2017-09-26T14:15:43.150Z,Link,ContentType,country,null,,,,null
Litauen,Lithuania,Lituania,Lituanie,Lituania,リトアニア,Litouwen,Lituânia,Литва,立陶宛,LT,Link,Space,0fxwiwy6a9kp,4dwIngAsUgwqMueY4wYiUY,Entry,2017-07-02T16:30:39.631Z,2017-09-26T14:15:45.125Z,Link,User,2U3C6wu4CFdNrfbV2RlRQi,Link,User,2U3C6wu4CFdNrfbV2RlRQi,4,8,Link,User,2U3C6wu4CFdNrfbV2RlRQi,7,2017-07-02T16:31:25.939Z,2017-09-26T14:15:45.125Z,Link,ContentType,country,null,,,,null
Singapur,Singapore,Singapur,Singapour,Singapore,シンガポール,Singapore,Singapura,Сингапур,新加坡,SG,Link,Space,0fxwiwy6a9kp,1kItWCgAgwuKIwWweeUGk8,Entry,2017-07-02T16:30:42.586Z,2017-09-26T14:15:36.246Z,Link,User,2U3C6wu4CFdNrfbV2RlRQi,Link,User,2U3C6wu4CFdNrfbV2RlRQi,4,8,Link,User,2U3C6wu4CFdNrfbV2RlRQi,7,2017-07-02T16:31:54.442Z,2017-09-26T14:15:36.246Z,Link,ContentType,country,null,,,,null
Lettland,Latvia,Letonia,Lettonie,Lettonia,ラトビア,Letland,Letônia,Латвия,拉脱维亚,LV,Link,Space,0fxwiwy6a9kp,6Ev0paukZGASYQCCIU8um4,Entry,2017-07-02T16:30:42.233Z,2017-09-26T14:15:38.393Z,Link,User,2U3C6wu4CFdNrfbV2RlRQi,Link,User,2U3C6wu4CFdNrfbV2RlRQi,4,8,Link,User,2U3C6wu4CFdNrfbV2RlRQi,7,2017-07-02T16:31:51.001Z,2017-09-26T14:15:38.393Z,Link,ContentType,country,null,,,,null
Irland Sligo,Ireland Sligo,Irlanda Sligo,Irlande Sligo,Sligo, Irlanda,アイルランド、スライゴ,Ierland Sligo,Irlanda - Sligo,Слайго, Ирландия,爱尔兰斯莱戈,IE4,Link,Space,0fxwiwy6a9kp,5LBGFEP5mM6AQCwEs46gOK,Entry,2017-07-02T16:30:39.605Z,2017-11-28T15:53:04.915Z,Link,User,2U3C6wu4CFdNrfbV2RlRQi,Link,User,5poojjCf1xb7aLFWdMiD2A,4,10,,,,null,2017-07-02T16:31:24.848Z,null,Link,ContentType,country,2017-11-28T15:53:04.915Z,Link,User,5poojjCf1xb7aLFWdMiD2A,9
Estland,Estonia,Estonia,Estonie,Estonia,エストニア,Estland,Estônia,Эстония,爱沙尼亚,EE,Link,Space,0fxwiwy6a9kp,4V50KsYTfqOAewyCCCi2wM,Entry,2017-07-02T16:30:37.700Z,2017-09-26T14:15:36.374Z,Link,User,2U3C6wu4CFdNrfbV2RlRQi,Link,User,2U3C6wu4CFdNrfbV2RlRQi,4,8,Link,User,2U3C6wu4CFdNrfbV2RlRQi,7,2017-07-02T16:31:10.352Z,2017-09-26T14:15:36.374Z,Link,ContentType,country,null,,,,null
Honduras,Honduras,Honduras,Honduras,Honduras,ホンジュラス,Honduras,Honduras,Гондурас,洪都拉斯,HN,Link,Space,0fxwiwy6a9kp,1HBCWePzE4c8wqCGk0aOWc,Entry,2017-07-02T16:30:37.651Z,2017-09-26T14:15:38.370Z,Link,User,2U3C6wu4CFdNrfbV2RlRQi,Link,User,2U3C6wu4CFdNrfbV2RlRQi,4,8,Link,User,2U3C6wu4CFdNrfbV2RlRQi,7,2017-07-02T16:31:09.824Z,2017-09-26T14:15:38.370Z,Link,ContentType,country,null,,,,null
Argentinien,Argentina,Argentina,Argentine,Argentina,アルゼンチン,Argentinië,Argentina,Аргентина,阿根廷,AR,Link,Space,0fxwiwy6a9kp,2CudelKjycCam4giAKKG6y,Entry,2017-07-02T16:30:44.313Z,2017-09-26T14:15:41.528Z,Link,User,2U3C6wu4CFdNrfbV2RlRQi,Link,User,2U3C6wu4CFdNrfbV2RlRQi,4,8,Link,User,2U3C6wu4CFdNrfbV2RlRQi,7,2017-07-02T16:32:08.188Z,2017-09-26T14:15:41.528Z,Link,ContentType,country,null,,,,null
Guatemala,Guatemala,Guatemala,Guatemala,Guatemala,グアテマラ,Guatemala,Guatemala,Гватемала,危地马拉,GT,Link,Space,0fxwiwy6a9kp,4Q8F3CD4rKsia2SGgaoOGy,Entry,2017-07-02T16:30:38.908Z,2017-09-26T14:15:45.580Z,Link,User,2U3C6wu4CFdNrfbV2RlRQi,Link,User,2U3C6wu4CFdNrfbV2RlRQi,4,8,Link,User,2U3C6wu4CFdNrfbV2RlRQi,7,2017-07-02T16:31:19.838Z,2017-09-26T14:15:45.580Z,Link,ContentType,country,null,,,,null
Kanada,Canada,Canadá,Canada,Canada,カナダ,Canada,Canadá,Канада,加拿大,CA,Link,Space,0fxwiwy6a9kp,5KaFy05XJ6GEKYO2ucsAeY,Entry,2017-07-02T16:30:38.830Z,2017-09-26T14:15:39.477Z,Link,User,2U3C6wu4CFdNrfbV2RlRQi,Link,User,2U3C6wu4CFdNrfbV2RlRQi,4,8,Link,User,2U3C6wu4CFdNrfbV2RlRQi,7,2017-07-02T16:31:19.013Z,2017-09-26T14:15:39.477Z,Link,ContentType,country,null,,,,null
Uganda,Uganda,Uganda,Ouganda,Uganda,ウガンダ,Oeganda,Uganda,Уганда,乌干达,UG,Link,Space,0fxwiwy6a9kp,2o6u5hriIY4UGqGS4cO2is,Entry,2017-07-02T16:30:43.845Z,2017-09-26T14:15:41.131Z,Link,User,2U3C6wu4CFdNrfbV2RlRQi,Link,User,2U3C6wu4CFdNrfbV2RlRQi,4,8,Link,User,2U3C6wu4CFdNrfbV2RlRQi,7,2017-07-02T16:32:05.313Z,2017-09-26T14:15:41.131Z,Link,ContentType,country,null,,,,null
Griechenland,Greece,Grecia,Grèce,Grecia,ギリシャ,Griekenland,Grécia,Греция,希腊,GR,Link,Space,0fxwiwy6a9kp,41WPMQG5xuYQYyWW8A4k8A,Entry,2017-07-02T16:30:37.328Z,2017-09-26T14:15:40.442Z,Link,User,2U3C6wu4CFdNrfbV2RlRQi,Link,User,2U3C6wu4CFdNrfbV2RlRQi,4,8,Link,User,2U3C6wu4CFdNrfbV2RlRQi,7,2017-07-02T16:31:06.618Z,2017-09-26T14:15:40.442Z,Link,ContentType,country,null,,,,null
Bahamas,Bahamas,Bahamas,Bahamas,Bahamas,バハマ,Bahama's,Bahamas,Багамы,巴哈马,BS,Link,Space,0fxwiwy6a9kp,8UeNdrhEjegCWYuYkC6eo,Entry,2017-07-02T16:30:39.695Z,2017-09-26T14:15:48.418Z,Link,User,2U3C6wu4CFdNrfbV2RlRQi,Link,User,2U3C6wu4CFdNrfbV2RlRQi,4,8,Link,User,2U3C6wu4CFdNrfbV2RlRQi,7,2017-07-02T16:31:25.390Z,2017-09-26T14:15:48.418Z,Link,ContentType,country,null,,,,null
Vereinigte Arabische Emirate,United Arab Emirates,Emiratos Árabes Unidos,Émirats arabes unis,Emirati Arabi Uniti,アラブ首長国連邦,Verenigde Arabische Emiraten,Emirados Árabes Unidos,Объединенные Арабские Эмираты,阿拉伯联合酋长国,AE,Link,Space,0fxwiwy6a9kp,3FGVfgC05Go84qcucGuK8w,Entry,2017-07-02T16:30:44.170Z,2017-09-26T14:15:46.250Z,Link,User,2U3C6wu4CFdNrfbV2RlRQi,Link,User,2U3C6wu4CFdNrfbV2RlRQi,4,8,Link,User,2U3C6wu4CFdNrfbV2RlRQi,7,2017-07-02T16:32:06.288Z,2017-09-26T14:15:46.250Z,Link,ContentType,country,null,,,,null
Ungarn,Hungary,Hungría,Hongrie,Ungheria,ハンガリー,Hongarije,Hungria,Венгрия,匈牙利,HU,Link,Space,0fxwiwy6a9kp,ggLFdyUizu6oiYCIoKqq,Entry,2017-07-02T16:30:39.679Z,2017-09-26T14:15:45.460Z,Link,User,2U3C6wu4CFdNrfbV2RlRQi,Link,User,2U3C6wu4CFdNrfbV2RlRQi,4,8,Link,User,2U3C6wu4CFdNrfbV2RlRQi,7,2017-07-02T16:31:24.351Z,2017-09-26T14:15:45.460Z,Link,ContentType,country,null,,,,null
Vereinigtes Königreich,United Kingdom,Reino Unido,Royaume-Uni,Regno Unito,イギリス,Verenigd Koninkrijk,Reino Unido,Великобритания,英国,GB,Link,Space,0fxwiwy6a9kp,4VX8oLLLWUKQaQOGqYeuOG,Entry,2017-07-02T16:30:43.345Z,2017-09-26T14:15:45.100Z,Link,User,2U3C6wu4CFdNrfbV2RlRQi,Link,User,2U3C6wu4CFdNrfbV2RlRQi,4,8,Link,User,2U3C6wu4CFdNrfbV2RlRQi,7,2017-07-02T16:32:00.248Z,2017-09-26T14:15:45.100Z,Link,ContentType,country,null,,,,null
Tschechische Republik,Czech Republic,República Checa,République tchèque,Repubblica Ceca,チェコ共和国,Tsjechische Republiek,República Tcheca,Чешская Республика,捷克,CZ,Link,Space,0fxwiwy6a9kp,77B8IvaMhyUO0mmkoAioOq,Entry,2017-07-02T16:30:37.353Z,2017-09-26T14:15:37.111Z,Link,User,2U3C6wu4CFdNrfbV2RlRQi,Link,User,2U3C6wu4CFdNrfbV2RlRQi,4,8,Link,User,2U3C6wu4CFdNrfbV2RlRQi,7,2017-07-02T16:31:07.072Z,2017-09-26T14:15:37.111Z,Link,ContentType,country,null,,,,null
Moldawien,Moldavia,Moldavia,Moldavie,Moldavia,モルダビア,Moldavië,Moldávia,Молдавия,摩尔达维亚,MD,Link,Space,0fxwiwy6a9kp,6cqsyrokvuaMAQ4SKCYUge,Entry,2017-07-02T16:30:39.279Z,2017-09-26T14:15:38.428Z,Link,User,2U3C6wu4CFdNrfbV2RlRQi,Link,User,2U3C6wu4CFdNrfbV2RlRQi,4,8,Link,User,2U3C6wu4CFdNrfbV2RlRQi,7,2017-07-02T16:31:22.035Z,2017-09-26T14:15:38.428Z,Link,ContentType,country,null,,,,null
Oman,Oman,Omán,Oman,Oman,オマーン,Oman,Omã,Оман,阿曼,OM,Link,Space,0fxwiwy6a9kp,2igEqYfrpSOmMu2g6CYWe0,Entry,2017-07-02T16:30:41.683Z,2017-09-26T14:15:43.094Z,Link,User,2U3C6wu4CFdNrfbV2RlRQi,Link,User,2U3C6wu4CFdNrfbV2RlRQi,4,8,Link,User,2U3C6wu4CFdNrfbV2RlRQi,7,2017-07-02T16:31:47.321Z,2017-09-26T14:15:43.094Z,Link,ContentType,country,null,,,,null
Slowakei,Slovakia,Eslovaquia,Slovaquie,Slovacchia,スロバキア,Slowakije,Eslováquia,Словакия,斯洛伐克,SK,Link,Space,0fxwiwy6a9kp,6NXW3FI7DimWIeqk6YYYEY,Entry,2017-07-02T16:30:43.818Z,2017-09-26T14:15:43.158Z,Link,User,2U3C6wu4CFdNrfbV2RlRQi,Link,User,2U3C6wu4CFdNrfbV2RlRQi,4,8,Link,User,2U3C6wu4CFdNrfbV2RlRQi,7,2017-07-02T16:32:04.443Z,2017-09-26T14:15:43.158Z,Link,ContentType,country,null,,,,null
Puerto Rico,Puerto Rico,Puerto Rico,Porto Rico,Porto Rico,プエルトリコ,Puerto Rico,Porto Rico,Пуэрто-Рико,波多黎各,PR,Link,Space,0fxwiwy6a9kp,1N50oPbYKo8qaauiqAguU8,Entry,2017-07-02T16:30:40.315Z,2017-09-26T14:15:38.377Z,Link,User,2U3C6wu4CFdNrfbV2RlRQi,Link,User,2U3C6wu4CFdNrfbV2RlRQi,4,8,Link,User,2U3C6wu4CFdNrfbV2RlRQi,7,2017-07-02T16:31:32.499Z,2017-09-26T14:15:38.377Z,Link,ContentType,country,null,,,,null
Botswana,Botswana,Botsuana,Botswana,Botswana,ボツワナ,Botswana,Botsuana,Ботсвана,博茨瓦纳,BW,Link,Space,0fxwiwy6a9kp,2ii2fzMZ2YSiCEmAmqcKGw,Entry,2017-07-02T16:30:37.252Z,2017-09-26T14:15:40.176Z,Link,User,2U3C6wu4CFdNrfbV2RlRQi,Link,User,2U3C6wu4CFdNrfbV2RlRQi,4,8,Link,User,2U3C6wu4CFdNrfbV2RlRQi,7,2017-07-02T16:31:06.167Z,2017-09-26T14:15:40.176Z,Link,ContentType,country,null,,,,null
Schweiz,Switzerland,Suiza,Suisse,Svizzera,スイス,Zwitserland,Suíça,Швейцария,瑞士,CH,Link,Space,0fxwiwy6a9kp,3mpIiHSM1WSKiSE6wQOGkS,Entry,2017-07-02T16:30:40.774Z,2017-09-26T14:15:45.413Z,Link,User,2U3C6wu4CFdNrfbV2RlRQi,Link,User,2U3C6wu4CFdNrfbV2RlRQi,4,8,Link,User,2U3C6wu4CFdNrfbV2RlRQi,7,2017-07-02T16:31:36.577Z,2017-09-26T14:15:45.413Z,Link,ContentType,country,null,,,,null
Pakistan,Pakistan,Pakistán,Pakistan,Pakistan,パキスタン,Pakistan,Paquistão,Пакистан,巴基斯坦,PK,Link,Space,0fxwiwy6a9kp,56wvFozhk4iAc8wEe4c2WO,Entry,2017-07-02T16:30:40.805Z,2017-09-26T14:15:39.293Z,Link,User,2U3C6wu4CFdNrfbV2RlRQi,Link,User,2U3C6wu4CFdNrfbV2RlRQi,4,8,Link,User,2U3C6wu4CFdNrfbV2RlRQi,7,2017-07-02T16:31:37.052Z,2017-09-26T14:15:39.293Z,Link,ContentType,country,null,,,,null
Irland Kinsale,Ireland Kinsale,Irlanda Kinsale,Irlande Kinsale,Kinsale, Irlanda,アイルランド、キンセール,Ierland Kinsale,Irlanda - Kinsale,Кинсейл, Ирландия,爱尔兰金塞尔,IE3,Link,Space,0fxwiwy6a9kp,4YLuu4RMJa8KU8uoaCM2uI,Entry,2017-07-02T16:30:38.030Z,2017-11-07T13:07:41.867Z,Link,User,2U3C6wu4CFdNrfbV2RlRQi,Link,User,5TouKClMaWSOYJvjZyUpCe,4,10,,,,null,2017-07-02T16:31:12.802Z,null,Link,ContentType,country,2017-11-07T13:07:41.867Z,Link,User,5TouKClMaWSOYJvjZyUpCe,9
Libanon,Lebanon,Líbano,Liban,Libano,レバノン,Libanon,Líbano,Ливан,黎巴嫩,LB,Link,Space,0fxwiwy6a9kp,6OVylWOpcksOeyW2YKOmKq,Entry,2017-07-02T16:30:41.588Z,2017-09-26T14:15:45.712Z,Link,User,2U3C6wu4CFdNrfbV2RlRQi,Link,User,2U3C6wu4CFdNrfbV2RlRQi,4,8,Link,User,2U3C6wu4CFdNrfbV2RlRQi,7,2017-07-02T16:31:46.426Z,2017-09-26T14:15:45.712Z,Link,ContentType,country,null,,,,null
Dänemark,Denmark,Dinamarca,Danemark,Danimarca,デンマーク,Denemarken,Dinamarca,Дания,丹麦,DK,Link,Space,0fxwiwy6a9kp,2pf9Eo9oPO6gEKuMaw24GU,Entry,2017-07-02T16:30:44.296Z,2017-09-26T14:15:38.312Z,Link,User,2U3C6wu4CFdNrfbV2RlRQi,Link,User,2U3C6wu4CFdNrfbV2RlRQi,4,8,Link,User,2U3C6wu4CFdNrfbV2RlRQi,7,2017-07-02T16:32:07.766Z,2017-09-26T14:15:38.312Z,Link,ContentType,country,null,,,,null
Philippinen,Philippines,Filipinas,Philippines,Filippine,フィリピン,Filipijnen,Filipinas,Филиппины,菲律宾,PH,Link,Space,0fxwiwy6a9kp,1DPjaSGB32Y8GSUkiu6ASu,Entry,2017-07-02T16:30:43.415Z,2017-09-26T14:15:45.089Z,Link,User,2U3C6wu4CFdNrfbV2RlRQi,Link,User,2U3C6wu4CFdNrfbV2RlRQi,4,8,Link,User,2U3C6wu4CFdNrfbV2RlRQi,7,2017-07-02T16:32:01.243Z,2017-09-26T14:15:45.089Z,Link,ContentType,country,null,,,,null
Sudan,Sudan,Sudán,Soudan,Sudan,スーダン,Soedan,Sudão,Судан,苏丹,SD,Link,Space,0fxwiwy6a9kp,18WohfHmkKI24S8o4Oy2qu,Entry,2017-07-02T16:30:41.524Z,2017-09-26T14:15:43.250Z,Link,User,2U3C6wu4CFdNrfbV2RlRQi,Link,User,2U3C6wu4CFdNrfbV2RlRQi,4,8,Link,User,2U3C6wu4CFdNrfbV2RlRQi,7,2017-07-02T16:31:44.299Z,2017-09-26T14:15:43.250Z,Link,ContentType,country,null,,,,null
Sri Lanka,Sri Lanka,Sri Lanka,Sri Lanka,Sri Lanka,スリランカ,Sri Lanka,Sri Lanka,Шри-Ланка,斯里兰卡,LK,Link,Space,0fxwiwy6a9kp,6IJvnfAF5SOgWSYq6egA2Q,Entry,2017-07-02T16:30:40.191Z,2017-09-26T14:15:40.327Z,Link,User,2U3C6wu4CFdNrfbV2RlRQi,Link,User,2U3C6wu4CFdNrfbV2RlRQi,4,8,Link,User,2U3C6wu4CFdNrfbV2RlRQi,7,2017-07-02T16:31:31.443Z,2017-09-26T14:15:40.327Z,Link,ContentType,country,null,,,,null
Armenien,Armenia,Armenia,Arménie,Armenia,アルメニア,Armenië,Armênia,Армения,亚美尼亚,AM,Link,Space,0fxwiwy6a9kp,1fZzofxPyi4y0uoQUcQwQi,Entry,2017-07-02T16:30:43.770Z,2017-09-26T14:15:42.824Z,Link,User,2U3C6wu4CFdNrfbV2RlRQi,Link,User,2U3C6wu4CFdNrfbV2RlRQi,4,8,Link,User,2U3C6wu4CFdNrfbV2RlRQi,7,2017-07-02T16:32:04.885Z,2017-09-26T14:15:42.824Z,Link,ContentType,country,null,,,,null
Tansania,Tanzania,Tanzania,Tanzanie,Tanzania,タンザニア,Tanzania,Tanzânia,Танзания,坦桑尼亚,TZ,Link,Space,0fxwiwy6a9kp,60QwPIg664mCEUg4OYuSoq,Entry,2017-07-02T16:30:43.128Z,2017-09-26T14:15:40.409Z,Link,User,2U3C6wu4CFdNrfbV2RlRQi,Link,User,2U3C6wu4CFdNrfbV2RlRQi,4,8,Link,User,2U3C6wu4CFdNrfbV2RlRQi,7,2017-07-02T16:31:59.836Z,2017-09-26T14:15:40.409Z,Link,ContentType,country,null,,,,null
Senegal,Senegal,Senegal,Sénégal,Senegal,セネガル,Senegal,Senegal,Сенегал,塞内加尔,SN,Link,Space,0fxwiwy6a9kp,4fQH0vYufS2Ui8uG8cOSw2,Entry,2017-07-02T16:30:42.060Z,2017-09-26T14:15:38.420Z,Link,User,2U3C6wu4CFdNrfbV2RlRQi,Link,User,2U3C6wu4CFdNrfbV2RlRQi,4,8,Link,User,2U3C6wu4CFdNrfbV2RlRQi,7,2017-07-02T16:31:50.423Z,2017-09-26T14:15:38.420Z,Link,ContentType,country,null,,,,null
Irland Cork,Ireland Cork,Irlanda Cork,Irlande Cork,Cork, Irlanda,アイルランド、コーク,Ierland Cork,Irlanda - Cork,Корк, Ирландия,爱尔兰科克,IE1,Link,Space,0fxwiwy6a9kp,r9NQCLkTYcoSK4cAIcgae,Entry,2017-07-02T16:30:40.543Z,2017-11-28T15:53:04.899Z,Link,User,2U3C6wu4CFdNrfbV2RlRQi,Link,User,5poojjCf1xb7aLFWdMiD2A,4,10,,,,null,2017-07-02T16:31:34.981Z,null,Link,ContentType,country,2017-11-28T15:53:04.899Z,Link,User,5poojjCf1xb7aLFWdMiD2A,9
Schweden,Sweden,Suecia,Suède,Svezia,スウェーデン,Zweden,Suécia,Швеция,瑞典,SE,Link,Space,0fxwiwy6a9kp,3fi7WjjX564s8I4QUAMsgy,Entry,2017-07-02T16:30:43.043Z,2017-09-26T14:15:43.082Z,Link,User,2U3C6wu4CFdNrfbV2RlRQi,Link,User,2U3C6wu4CFdNrfbV2RlRQi,4,8,Link,User,2U3C6wu4CFdNrfbV2RlRQi,7,2017-07-02T16:31:58.150Z,2017-09-26T14:15:43.082Z,Link,ContentType,country,null,,,,null
Island,Iceland,Islandia,Islande,Islanda,アイスランド,IJsland,Islândia,Исландия,冰岛,IS,Link,Space,0fxwiwy6a9kp,2Evg2jEQgA8KomiI4mgEiu,Entry,2017-07-02T16:30:40.603Z,2017-09-26T14:15:48.284Z,Link,User,2U3C6wu4CFdNrfbV2RlRQi,Link,User,2U3C6wu4CFdNrfbV2RlRQi,4,8,Link,User,2U3C6wu4CFdNrfbV2RlRQi,7,2017-07-02T16:31:34.418Z,2017-09-26T14:15:48.284Z,Link,ContentType,country,null,,,,null
Dominikanische Republik,Dominican Republic,República Dominicana,République dominicaine,Repubblica Dominicana,ドミニカ共和国,Dominicaanse Republiek,República Dominicana,Доминиканская Республика,多米尼加共和国,DO,Link,Space,0fxwiwy6a9kp,35AJJgfnRuSkkoc0mCCOey,Entry,2017-07-02T16:30:38.176Z,2017-09-26T14:15:39.533Z,Link,User,2U3C6wu4CFdNrfbV2RlRQi,Link,User,2U3C6wu4CFdNrfbV2RlRQi,4,8,Link,User,2U3C6wu4CFdNrfbV2RlRQi,7,2017-07-02T16:31:14.359Z,2017-09-26T14:15:39.533Z,Link,ContentType,country,null,,,,null
Niederlande,Netherlands,Países Bajos,Pays-Bas,Paesi Bassi,オランダ,Nederland,Holanda,Нидерланды,荷兰,NL,Link,Space,0fxwiwy6a9kp,38NGmbZDE4QwMg0i4CgqaU,Entry,2017-07-02T16:30:40.082Z,2017-09-26T14:15:38.393Z,Link,User,2U3C6wu4CFdNrfbV2RlRQi,Link,User,2U3C6wu4CFdNrfbV2RlRQi,4,8,Link,User,2U3C6wu4CFdNrfbV2RlRQi,7,2017-07-02T16:31:30.528Z,2017-09-26T14:15:38.392Z,Link,ContentType,country,null,,,,null
Barbados,Barbados,Barbados,Barbade,Barbados,バルバドス,Barbados,Barbados,Барбадос,巴巴多斯,BB,Link,Space,0fxwiwy6a9kp,5FytezmxLq0YGAqsMmwok6,Entry,2017-07-02T16:30:40.194Z,2017-09-26T14:15:38.284Z,Link,User,2U3C6wu4CFdNrfbV2RlRQi,Link,User,2U3C6wu4CFdNrfbV2RlRQi,4,8,Link,User,2U3C6wu4CFdNrfbV2RlRQi,7,2017-07-02T16:31:31.867Z,2017-09-26T14:15:38.284Z,Link,ContentType,country,null,,,,null
Russland,Russia,Rusia,Russie,Russia,ロシア,Rusland,Rússia,Россия,俄罗斯,RU,Link,Space,0fxwiwy6a9kp,3vi1V6hmn6esouI0ASkGKM,Entry,2017-07-02T16:30:40.700Z,2017-09-26T14:15:38.525Z,Link,User,2U3C6wu4CFdNrfbV2RlRQi,Link,User,2U3C6wu4CFdNrfbV2RlRQi,4,8,Link,User,2U3C6wu4CFdNrfbV2RlRQi,7,2017-07-02T16:31:35.422Z,2017-09-26T14:15:38.525Z,Link,ContentType,country,null,,,,null
Neuseeland,New Zealand,Nueva Zelandia,Nouvelle-Zélande,Nuova Zelanda,ニュージーランド,Nieuw-Zeeland,Nova Zelândia,Новая Зеландия,新西兰,NZ,Link,Space,0fxwiwy6a9kp,Eis4t1UCYKaQEeQGccqqE,Entry,2017-07-02T16:30:43.432Z,2017-09-26T14:15:36.126Z,Link,User,2U3C6wu4CFdNrfbV2RlRQi,Link,User,2U3C6wu4CFdNrfbV2RlRQi,4,8,Link,User,2U3C6wu4CFdNrfbV2RlRQi,7,2017-07-02T16:32:02.267Z,2017-09-26T14:15:36.126Z,Link,ContentType,country,null,,,,null
Brasilien,Brazil,Brasil,Brésil,Brasile,ブラジル,Brazilië,Brasil,Бразилия,巴西,BR,Link,Space,0fxwiwy6a9kp,6lbNNqGYzmmOq808qcU2kO,Entry,2017-07-02T16:30:39.834Z,2017-09-26T14:15:45.518Z,Link,User,2U3C6wu4CFdNrfbV2RlRQi,Link,User,2U3C6wu4CFdNrfbV2RlRQi,4,8,Link,User,2U3C6wu4CFdNrfbV2RlRQi,7,2017-07-02T16:31:26.412Z,2017-09-26T14:15:45.518Z,Link,ContentType,country,null,,,,null
Japan,Japan,Japón,Japon,Giappone,日本,Japan,Japão,Япония,日本,JP,Link,Space,0fxwiwy6a9kp,4YSb7vJeRGUe6I4mqU2KWs,Entry,2017-07-02T16:30:41.943Z,2017-09-26T14:15:45.653Z,Link,User,2U3C6wu4CFdNrfbV2RlRQi,Link,User,2U3C6wu4CFdNrfbV2RlRQi,4,8,Link,User,2U3C6wu4CFdNrfbV2RlRQi,7,2017-07-02T16:31:48.604Z,2017-09-26T14:15:45.653Z,Link,ContentType,country,null,,,,null
Zypern,Cyprus,Chipre,Chypre,Cipro,キプロス,Cyprus,Chipre,Кипр,塞浦路斯,CY,Link,Space,0fxwiwy6a9kp,5wlNk1tUBOmC6sSUmUSsIy,Entry,2017-07-02T16:30:36.481Z,2017-09-26T14:15:46.291Z,Link,User,2U3C6wu4CFdNrfbV2RlRQi,Link,User,2U3C6wu4CFdNrfbV2RlRQi,4,8,Link,User,2U3C6wu4CFdNrfbV2RlRQi,7,2017-07-02T16:31:04.633Z,2017-09-26T14:15:46.291Z,Link,ContentType,country,null,,,,null
Usbekistan,Uzbekistan,Uzbekistán,Ouzbékistan,Uzbekistan,ウズベキスタン,Oezbekistan,Uzbequistão,Узбекистан,乌兹别克斯坦,UZ,Link,Space,0fxwiwy6a9kp,1vhi0MhPx244cmswaUc4Oi,Entry,2017-07-02T16:30:44.519Z,2017-09-26T14:15:42.729Z,Link,User,2U3C6wu4CFdNrfbV2RlRQi,Link,User,2U3C6wu4CFdNrfbV2RlRQi,4,8,Link,User,2U3C6wu4CFdNrfbV2RlRQi,7,2017-07-02T16:32:09.445Z,2017-09-26T14:15:42.729Z,Link,ContentType,country,null,,,,null
Katar,Qatar,Qatar,Qatar,Qatar,カタール,Qatar,Catar,Катар,卡塔尔,QA,Link,Space,0fxwiwy6a9kp,3G8XDGxFE4seIYYMyC4OKG,Entry,2017-07-02T16:30:42.224Z,2017-09-26T14:15:43.216Z,Link,User,2U3C6wu4CFdNrfbV2RlRQi,Link,User,2U3C6wu4CFdNrfbV2RlRQi,4,8,Link,User,2U3C6wu4CFdNrfbV2RlRQi,7,2017-07-02T16:31:51.407Z,2017-09-26T14:15:43.216Z,Link,ContentType,country,null,,,,null
Bulgarien,Bulgaria,Bulgaria,Bulgarie,Bulgaria,ブルガリア,Bulgarije,Bulgária,Болгария,保加利亚,BG,Link,Space,0fxwiwy6a9kp,6lbiVIDdtKskCsgAokouSU,Entry,2017-07-02T16:30:38.520Z,2017-09-26T14:15:45.087Z,Link,User,2U3C6wu4CFdNrfbV2RlRQi,Link,User,2U3C6wu4CFdNrfbV2RlRQi,4,8,Link,User,2U3C6wu4CFdNrfbV2RlRQi,7,2017-07-02T16:31:17.638Z,2017-09-26T14:15:45.087Z,Link,ContentType,country,null,,,,null
Hong Kong,Hong Kong,Hong Kong,Hong-Kong,Hong Kong,香港,Hongkong,Hong Kong,Гонконг,香港,HK,Link,Space,0fxwiwy6a9kp,7CS4tPCpCEMCuawqUCmQ6S,Entry,2017-07-02T16:30:38.385Z,2017-09-26T14:15:38.401Z,Link,User,2U3C6wu4CFdNrfbV2RlRQi,Link,User,2U3C6wu4CFdNrfbV2RlRQi,4,8,Link,User,2U3C6wu4CFdNrfbV2RlRQi,7,2017-07-02T16:31:15.909Z,2017-09-26T14:15:38.400Z,Link,ContentType,country,null,,,,null
Vietnam,Vietnam,Vietnam,Viêtnam,Vietnam,ベトナム,Vietnam,Vietnã,Вьетнам,越南,VN,Link,Space,0fxwiwy6a9kp,5vIVjZT1Qsq4A0Qy8sk0oU,Entry,2017-07-02T16:30:42.636Z,2017-09-26T14:15:42.919Z,Link,User,2U3C6wu4CFdNrfbV2RlRQi,Link,User,2U3C6wu4CFdNrfbV2RlRQi,4,8,Link,User,2U3C6wu4CFdNrfbV2RlRQi,7,2017-07-02T16:31:55.865Z,2017-09-26T14:15:42.919Z,Link,ContentType,country,null,,,,null
Türkei,Turkey,Turquía,Turquie,Turchia,トルコ,Turkije,Turquia,Турция,土耳其,TR,Link,Space,0fxwiwy6a9kp,1uK84ofcg82SMmeCQGUeuU,Entry,2017-07-02T16:30:43.753Z,2017-09-26T14:15:45.041Z,Link,User,2U3C6wu4CFdNrfbV2RlRQi,Link,User,2U3C6wu4CFdNrfbV2RlRQi,4,8,Link,User,2U3C6wu4CFdNrfbV2RlRQi,7,2017-07-02T16:32:03.431Z,2017-09-26T14:15:45.041Z,Link,ContentType,country,null,,,,null
Polen,Poland,Polonia,Pologne,Polonia,ポーランド,Polen,Polônia,Польша,波兰,PL,Link,Space,0fxwiwy6a9kp,1NLYqJmEQwOaKeAEuek0ie,Entry,2017-07-02T16:30:41.244Z,2017-09-26T14:15:39.377Z,Link,User,2U3C6wu4CFdNrfbV2RlRQi,Link,User,2U3C6wu4CFdNrfbV2RlRQi,4,8,Link,User,2U3C6wu4CFdNrfbV2RlRQi,7,2017-07-02T16:31:40.987Z,2017-09-26T14:15:39.377Z,Link,ContentType,country,null,,,,null
Norwegen,Norway,Noruega,Norvège,Norvegia,ノルウェー,Noorwegen,Noruega,Норвегия,挪威,NO,Link,Space,0fxwiwy6a9kp,6NeVm9oSycCaOagC0UuisS,Entry,2017-07-02T16:30:42.020Z,2017-09-26T14:16:08.607Z,Link,User,2U3C6wu4CFdNrfbV2RlRQi,Link,User,2U3C6wu4CFdNrfbV2RlRQi,4,8,Link,User,2U3C6wu4CFdNrfbV2RlRQi,7,2017-07-02T16:31:49.373Z,2017-09-26T14:16:08.607Z,Link,ContentType,country,null,,,,null
Korea,Korea,Corea,Corée,Corea,韓国,Korea,Coreia,Корея,韩国,KR,Link,Space,0fxwiwy6a9kp,56rofYsaXmgmeIasKUKswY,Entry,2017-07-02T16:30:41.589Z,2017-09-26T14:15:43.342Z,Link,User,2U3C6wu4CFdNrfbV2RlRQi,Link,User,2U3C6wu4CFdNrfbV2RlRQi,4,8,Link,User,2U3C6wu4CFdNrfbV2RlRQi,7,2017-07-02T16:31:45.826Z,2017-09-26T14:15:43.342Z,Link,ContentType,country,null,,,,null
Bahrein,Bahrain,Bahráin,Bahreïn,Bahrein,バーレーン,Bahrein,Bahrain,Бахрейн,巴林,BH,Link,Space,0fxwiwy6a9kp,4SzAfSGPe8ecAC8IYwuk0c,Entry,2017-07-02T16:30:39.231Z,2017-09-26T14:15:36.456Z,Link,User,2U3C6wu4CFdNrfbV2RlRQi,Link,User,2U3C6wu4CFdNrfbV2RlRQi,4,8,Link,User,2U3C6wu4CFdNrfbV2RlRQi,7,2017-07-02T16:31:21.595Z,2017-09-26T14:15:36.456Z,Link,ContentType,country,null,,,,null
Bangladesch,Bangladesh,Bangladés,Bangladesh,Bangladesh,バングラデシュ,Bangladesh,Bangladesh,Бангладеш,孟加拉国,BN,Link,Space,0fxwiwy6a9kp,4UulJqIzo44cwyMkS4gssW,Entry,2017-07-02T16:30:38.469Z,2017-09-26T14:15:46.217Z,Link,User,2U3C6wu4CFdNrfbV2RlRQi,Link,User,2U3C6wu4CFdNrfbV2RlRQi,4,8,Link,User,2U3C6wu4CFdNrfbV2RlRQi,7,2017-07-02T16:31:16.322Z,2017-09-26T14:15:46.217Z,Link,ContentType,country,null,,,,null
Spanien,Spain,España,Espagne,Spagna,スペイン,Spanje,Espanha,Испания,西班牙,ES,Link,Space,0fxwiwy6a9kp,awfknFqx8suwUsmYImMuA,Entry,2017-07-02T16:30:38.463Z,2017-09-26T14:15:46.356Z,Link,User,2U3C6wu4CFdNrfbV2RlRQi,Link,User,2U3C6wu4CFdNrfbV2RlRQi,4,8,Link,User,2U3C6wu4CFdNrfbV2RlRQi,7,2017-07-02T16:31:15.264Z,2017-09-26T14:15:46.356Z,Link,ContentType,country,null,,,,null
Äthiopien,Ethiopia,Etiopía,Éthiopie,Etiopia,エチオピア,Ethiopië,Etiópia,Эфиопия,埃塞俄比亚,ET,Link,Space,0fxwiwy6a9kp,2Pya5JoIekMAeKWUuWioGo,Entry,2017-07-02T16:30:39.153Z,2017-09-26T14:15:40.500Z,Link,User,2U3C6wu4CFdNrfbV2RlRQi,Link,User,2U3C6wu4CFdNrfbV2RlRQi,4,8,Link,User,2U3C6wu4CFdNrfbV2RlRQi,7,2017-07-02T16:31:21.157Z,2017-09-26T14:15:40.500Z,Link,ContentType,country,null,,,,null
Kamerun,Cameroon,Camerún,Cameroun,Camerun,カメルーン,Kameroen,Camarões,Камерун,喀麦隆,CM,Link,Space,0fxwiwy6a9kp,1Fqr5IWO8ICaQw4wiG8syo,Entry,2017-07-02T16:30:37.586Z,2017-09-26T14:15:43.334Z,Link,User,2U3C6wu4CFdNrfbV2RlRQi,Link,User,2U3C6wu4CFdNrfbV2RlRQi,4,8,Link,User,2U3C6wu4CFdNrfbV2RlRQi,7,2017-07-02T16:31:09.347Z,2017-09-26T14:15:43.334Z,Link,ContentType,country,null,,,,null
Serbien,Serbia,Serbia,Serbie,Serbia,セルビア,Servië,Sérvia,Сербия,塞尔维亚,RS,Link,Space,0fxwiwy6a9kp,WApYPkscQUmCUcmEeiqmc,Entry,2017-07-02T16:30:42.299Z,2017-09-26T14:15:43.102Z,Link,User,2U3C6wu4CFdNrfbV2RlRQi,Link,User,2U3C6wu4CFdNrfbV2RlRQi,4,8,Link,User,2U3C6wu4CFdNrfbV2RlRQi,7,2017-07-02T16:31:51.834Z,2017-09-26T14:15:43.102Z,Link,ContentType,country,null,,,,null
Niederländische Antillen / Curacao,Dutch Antilles / Curacao,Antillas Holandesas / Curazao,Antilles néerlandaises/Curaçao,Antille Olandesi / Curaçao,オランダ領アンティル / キュラソー,Nederlandse Antillen/Curaçao,Antilhas Neerlandesas/Curaçao,Нидерландские Антильские острова/Кюрасао,荷属安的列斯/库拉索,AN,Link,Space,0fxwiwy6a9kp,5NW5KtSuVq0CwMs0uKiQI,Entry,2017-07-02T16:30:44.414Z,2017-09-26T14:15:45.748Z,Link,User,2U3C6wu4CFdNrfbV2RlRQi,Link,User,2U3C6wu4CFdNrfbV2RlRQi,4,8,Link,User,2U3C6wu4CFdNrfbV2RlRQi,7,2017-07-02T16:32:06.911Z,2017-09-26T14:15:45.748Z,Link,ContentType,country,null,,,,null
Portugal,Portugal,Portugal,Portugal,Portogallo,ポルトガル,Portugal,Portugal,Португалия,葡萄牙,PT,Link,Space,0fxwiwy6a9kp,7a79h3Ef1CiS6WeaiQAEeG,Entry,2017-07-02T16:30:41.979Z,2017-09-26T14:15:40.349Z,Link,User,2U3C6wu4CFdNrfbV2RlRQi,Link,User,2U3C6wu4CFdNrfbV2RlRQi,4,8,Link,User,2U3C6wu4CFdNrfbV2RlRQi,7,2017-07-02T16:31:49.848Z,2017-09-26T14:15:40.349Z,Link,ContentType,country,null,,,,null
Albanien,Albania,Albania,Albanie,Albania,アルバニア,Albanië,Albânia,Албания,阿尔巴尼亚,AL,Link,Space,0fxwiwy6a9kp,2OFG7atus82AKYaIkUOm4I,Entry,2017-07-02T16:30:43.757Z,2017-09-26T14:15:45.327Z,Link,User,2U3C6wu4CFdNrfbV2RlRQi,Link,User,2U3C6wu4CFdNrfbV2RlRQi,4,8,Link,User,2U3C6wu4CFdNrfbV2RlRQi,7,2017-07-02T16:32:04.028Z,2017-09-26T14:15:45.327Z,Link,ContentType,country,null,,,,null
Mosambik,Mozambique,Mozambique,Mozambique,Mozambico,モザンビーク,Mozambique,Moçambique,Мозамбик,莫桑比克,MZ,Link,Space,0fxwiwy6a9kp,23yVmuKwpGiiUg0ckk2Gye,Entry,2017-07-02T16:30:39.276Z,2017-09-26T14:15:43.193Z,Link,User,2U3C6wu4CFdNrfbV2RlRQi,Link,User,2U3C6wu4CFdNrfbV2RlRQi,4,8,Link,User,2U3C6wu4CFdNrfbV2RlRQi,7,2017-07-02T16:31:22.662Z,2017-09-26T14:15:43.193Z,Link,ContentType,country,null,,,,null
Sambia,Zambia,Zambia,Zambie,Zambia,ザンビア,Zambia,Zâmbia,Замбия,赞比亚,ZM,Link,Space,0fxwiwy6a9kp,3zOUBzKotOGyM88yIYioAQ,Entry,2017-07-02T16:30:43.380Z,2017-09-26T14:15:36.137Z,Link,User,2U3C6wu4CFdNrfbV2RlRQi,Link,User,2U3C6wu4CFdNrfbV2RlRQi,4,8,Link,User,2U3C6wu4CFdNrfbV2RlRQi,7,2017-07-02T16:32:01.692Z,2017-09-26T14:15:36.137Z,Link,ContentType,country,null,,,,null
Algerien,Algeria,Argelia,Algérie,Algeria,アルジェリア,Algerije,Argélia,Алжир,阿尔及利亚,DZ,Link,Space,0fxwiwy6a9kp,1WyBvRsQHyqScYGEia4os4,Entry,2017-07-02T16:30:38.009Z,2017-09-26T14:15:48.288Z,Link,User,2U3C6wu4CFdNrfbV2RlRQi,Link,User,2U3C6wu4CFdNrfbV2RlRQi,4,8,Link,User,2U3C6wu4CFdNrfbV2RlRQi,7,2017-07-02T16:31:12.318Z,2017-09-26T14:15:48.288Z,Link,ContentType,country,null,,,,null
Mexico,Mexico,México,Mexique,Messico,メキシコ,Mexico,México,Мексика,墨西哥,MX,Link,Space,0fxwiwy6a9kp,SPgrmOJ76UCqQ0EmMcAsY,Entry,2017-07-02T16:30:42.962Z,2017-09-26T14:15:42.582Z,Link,User,2U3C6wu4CFdNrfbV2RlRQi,Link,User,2U3C6wu4CFdNrfbV2RlRQi,4,8,Link,User,2U3C6wu4CFdNrfbV2RlRQi,7,2017-07-02T16:31:57.212Z,2017-09-26T14:15:42.582Z,Link,ContentType,country,null,,,,null
Venezuela,Venezuela,Venezuela,Venezuela,Venezuela,ベネズエラ,Venezuela,Venezuela,Венесуэла,委内瑞拉,VE,Link,Space,0fxwiwy6a9kp,4YhOEd1miIaCqSkqEM6MWO,Entry,2017-07-02T16:30:42.976Z,2017-09-26T14:16:09.174Z,Link,User,2U3C6wu4CFdNrfbV2RlRQi,Link,User,2U3C6wu4CFdNrfbV2RlRQi,4,8,Link,User,2U3C6wu4CFdNrfbV2RlRQi,7,2017-07-02T16:31:57.729Z,2017-09-26T14:16:09.174Z,Link,ContentType,country,null,,,,null
